Filter,Max Residual,Period,Inclination
Bolometric,0.00080519915,10.0,90.0
GaiaG,0.00030183792,10.0,90.0
JohnsonU,9.196997e-05,10.0,90.0
JohnsonV,4.440546e-05,10.0,90.0
JohnsonI,1.8060207e-05,10.0,90.0
Stromgrenv,1.2218952e-05,10.0,90.0
