Filter,Max Residual
Johnson:U,0.0002884542401070389
Johnson:V,9.820947808403258e-05
Stromgren:v,0.00011123292651404881
Gaia:G,0.0002660129381863996
Bolometric:900-40000,0.0015444419801818876
