Filter,Max Residual
Johnson:U,0.00028040123088635127
Johnson:V,8.940759293452061e-05
Stromgren:v,9.96092586822428e-05
Gaia:G,0.0002646669583388217
Bolometric:900-40000,0.001506458668938615
