Filter,Max Residual
Johnson:U,0.0003404785641160091
Johnson:V,0.00010853259067800103
Stromgren:v,0.0001209182572272649
Gaia:G,0.0003217388981441305
Bolometric:900-40000,0.0018293334741912304
