Filter,Max Residual
Johnson:U,0.0003339728777683737
Johnson:V,0.00011209679966350805
Stromgren:v,0.00012668638608515082
Gaia:G,0.00030900727547600315
Bolometric:900-40000,0.001786003729896679
