Filter,Max Residual
Johnson:U,0.00026691732410444313
Johnson:V,8.827590889715076e-05
Stromgren:v,9.880770162729036e-05
Gaia:G,0.00025029569127044127
Bolometric:900-40000,0.0014391186951575596
