Filter,Max Residual
Johnson:U,0.0001889219274459064
Johnson:V,6.375055409857389e-05
Stromgren:v,7.226733387066808e-05
Gaia:G,0.00017383241951918205
Bolometric:900-40000,0.0010076083368635302
