Filter,Max Residual
Johnson:U,0.00031594124346046026
Johnson:V,0.00010656495755145823
Stromgren:v,0.00012068050836877564
Gaia:G,0.000291380375152972
Bolometric:900-40000,0.00168722235574148
