Filter,Max Residual
Johnson:U,0.00041488064080263953
Johnson:V,0.00014507697691978905
Stromgren:v,0.00016527534527011056
Gaia:G,0.0003799414406997492
Bolometric:900-40000,0.002221372095256302
