Filter,Max Residual
Johnson:U,0.00036661896594381016
Johnson:V,0.00012997802733327735
Stromgren:v,0.00014839727103577172
Gaia:G,0.00033429270110729714
Bolometric:900-40000,0.00196185092877732
