Filter,Max Residual
Johnson:U,0.0003766486667503566
Johnson:V,0.00012215262859693876
Stromgren:v,0.00013637342567174304
Gaia:G,0.0003550740044038214
Bolometric:900-40000,0.002028289791313753
