Filter,Max Residual
Johnson:U,0.0003085470012720304
Johnson:V,0.00010177942203282164
Stromgren:v,0.00011407957033271465
Gaia:G,0.00028871634815974545
Bolometric:900-40000,0.001659914444291699
