Filter,Max Residual
Johnson:U,0.00018800593853685044
Johnson:V,6.313529152246478e-05
Stromgren:v,7.13473462289338e-05
Gaia:G,0.00017376034894811543
Bolometric:900-40000,0.0010055966209608913
