Filter,Max Residual
Johnson:U,0.00033845165933721333
Johnson:V,0.00011209188792193903
Stromgren:v,0.00012620059623746904
Gaia:G,0.0003148821870806451
Bolometric:900-40000,0.0018126703155499913
