Filter,Max Residual
Johnson:U,0.00019126553923498602
Johnson:V,6.600597858952284e-05
Stromgren:v,7.515189090678831e-05
Gaia:G,0.00017507024243423874
Bolometric:900-40000,0.0010209191625000225
