Filter,Max Residual
Johnson:U,0.00032174812376561945
Johnson:V,0.0001104373027265293
Stromgren:v,0.00012520163400775441
Gaia:G,0.000296486685042896
Bolometric:900-40000,0.0017249212972388905
