Filter,Max Residual
Johnson:U,0.00039020186386129474
Johnson:V,0.0001340093025710143
Stromgren:v,0.00015157625858586155
Gaia:G,0.0003611049117295817
Bolometric:900-40000,0.0020988057569384377
