Filter,Max Residual
Johnson:U,0.0003120070004796194
Johnson:V,0.00010913607650320234
Stromgren:v,0.00012418133718627988
Gaia:G,0.0002863661167483711
Bolometric:900-40000,0.001673884966890915
