Filter,Max Residual
Johnson:U,0.00022318724771352993
Johnson:V,7.67454709041937e-05
Stromgren:v,8.711667187188965e-05
Gaia:G,0.00020522047808091415
Bolometric:900-40000,0.0011949322749102986
