Filter,Max Residual
Johnson:U,0.00027128932642617176
Johnson:V,9.23994101827974e-05
Stromgren:v,0.00010491210922047856
Gaia:G,0.0002492366115636191
Bolometric:900-40000,0.0014477450442749173
