Filter,Max Residual
Johnson:U,0.00034786867595915094
Johnson:V,0.00011048642310229617
Stromgren:v,0.00012370597995803312
Gaia:G,0.00032637143566394133
Bolometric:900-40000,0.0018563035374801196
