Filter,Max Residual
Johnson:U,0.00021969089104800776
Johnson:V,7.55837194302833e-05
Stromgren:v,8.58737751066041e-05
Gaia:G,0.00020172088672454347
Bolometric:900-40000,0.001175031432732343
