Filter,Max Residual
Johnson:U,0.00033294179754717046
Johnson:V,0.00011542581346146719
Stromgren:v,0.000131353330253825
Gaia:G,0.000305150532762144
Bolometric:900-40000,0.0017808509205260448
