Filter,Max Residual
Johnson:U,0.00032324396965666136
Johnson:V,0.00010441328087296142
Stromgren:v,0.00011622938981026287
Gaia:G,0.00030581947726116
Bolometric:900-40000,0.001744934667126663
