Filter,Max Residual
Johnson:U,0.0002891137627839546
Johnson:V,0.00010069552804026216
Stromgren:v,0.00011436794768304726
Gaia:G,0.00026594759501397114
Bolometric:900-40000,0.0015528104262002573
