Filter,Max Residual
Johnson:U,0.0002030926818903378
Johnson:V,6.78656869804728e-05
Stromgren:v,7.637584623532145e-05
Gaia:G,0.0001888855965340719
Bolometric:900-40000,0.0010902827062070353
