Filter,Max Residual
Johnson:U,0.0003361220776593177
Johnson:V,0.00011104411749407461
Stromgren:v,0.0001243701005926301
Gaia:G,0.00031505872961656856
Bolometric:900-40000,0.001811003947720935
