Filter,Max Residual
Johnson:U,0.0003181980520744476
Johnson:V,0.00011037898101695642
Stromgren:v,0.00012550021488988428
Gaia:G,0.00029216166046430736
Bolometric:900-40000,0.0017049309779766375
