Filter,Max Residual
Johnson:U,0.00032499911413264027
Johnson:V,0.00010996316101807846
Stromgren:v,0.0001245394440601011
Gaia:G,0.0002996580887913991
Bolometric:900-40000,0.001737279336776698
