Filter,Max Residual
Johnson:U,0.0002041876573237733
Johnson:V,7.000361669950994e-05
Stromgren:v,7.946265451419521e-05
Gaia:G,0.00018771655937466214
Bolometric:900-40000,0.0010922120435197247
