Filter,Max Residual
Johnson:U,0.0003953604906197228
Johnson:V,0.00013141941834748927
Stromgren:v,0.00014769701230488153
Gaia:G,0.00036888709176752243
Bolometric:900-40000,0.00212458933146753
