Filter,Max Residual
Johnson:U,0.00059082649300779
Johnson:V,0.00019853470824215957
Stromgren:v,0.00022451039836113296
Gaia:G,0.0005470787362765739
Bolometric:900-40000,0.003161164595865462
